,tagged_acc,values
0,l00tapp,47
1,chrisbrown,41
2,Cariloha,36
3,MLBPAClubhouse,28
4,StubHub,17
5,WWF,14
6,Nashgrier,8
7,nicolewinhoffer,7
8,delsolcolor,7
9,AuntieAnnes,7
10,madonna,6
11,parksandrecnbc,6
12,grimalkinrn,6
13,TheEllenShow,5
14,ASAPferg,5
15,l00tappp,5
16,pewdiepie,5
17,camerondallas,4
18,Harry_Styles,4
19,UnusedPotential,4
20,MadonnaRule2015,3
21,VisitBritain,3
22,tacobell,3
23,ochocinco,3
24,BlakesNatural,3
25,DrRubidium,3
26,NiallOfficial,3
27,rachelbeauty4,3
28,WomensHumor,3
29,K1NG_JAMES_,2
30,adrianna_love,2
31,JCore25,2
32,thespringsla,2
33,bullhorngirl,2
34,JessicaDrown,2
35,jimmyfallon,2
36,Mets,2
37,Joe_Sugg,2
38,blogilates,2
39,FlawnOcho,2
40,TeamBobbyEwing,2
41,KymKral,2
42,mouthypants,2
43,RidersbyLee,2
44,Kaneshow,2
45,AGT_Auditions,2
46,YouTube,2
47,GetTalentedly,2
48,tcc4348,2
49,scotthbrown,2
50,ArianaGrande,2
51,DannysHaus,2
52,VoiceofDaReal,2
53,McDonalds,2
54,MileyCyrus,2
55,DerickPauls,2
56,rainrain919,2
57,NewYrsResolutiN,2
58,Xaviersworld,2
59,biggie_paul,2
60,JournalistsLike,2
61,BarackObama,2
62,standtall___,2
63,MzWellsh40,2
64,gomez__,2
65,5SOS,2
66,nonprophetess,2
67,JODYHiGHROLLER,2
68,Itz_Ahmed7,2
69,Beyonce,2
70,lexxi_007,2
71,Pinterest,2
72,Envelopes_com,2
73,KimKardashian,2
74,Luke5SOS,2
75,Ashton5SOS,2
76,Starbucks,2
77,BMNYC53,2
78,netflix,2
79,JessicaVaugn,2
80,ddlovato,2
81,adamlambert,2
82,samsmithworld,2
83,RyanCapouch,2
84,ChuckWendig,2
85,sblackmoore,2
86,ScottWarner18,2
87,taylorswift13,2
88,Pr3zKiD,2
89,UncleSebastian,2
90,TODAYshow,2
91,MarshallRamsey,2
92,preppy_nc,2
93,BitterBlueBetty,2
94,justinbieber,2
95,PrezBlackhurst,2
96,jimmyjohns,2
97,angelesdlr,2
98,Puddinstrip,2
99,infinitywallets,2
100,NoChillPosts,2
101,tumbIerposts,2
102,VeronicaRoth,2
103,ashley_pg19,1
104,PartiPants27,1
105,ULTA_Beauty,1
106,Lindseylelledee,1
107,xNova_Cane,1
108,BelleIsle_Rack,1
109,FieldViewSolu,1
110,AnordCritical,1
111,Seven10Software,1
112,margaretyo,1
113,baconandbutters,1
114,VanessaKEccles,1
115,BostInno,1
116,Gnarlylet,1
117,Diaz2000Cynthia,1
118,MarewaGlover,1
119,AaronCarpenter,1
120,Spotify,1
121,iTunesMusic,1
122,melindaax21,1
123,Nasreinberro,1
124,ZeeHourani,1
125,SpartanRace,1
126,TheDolceDiet,1
127,sydnipina,1
128,ADAMDEVINE,1
129,LEVIS,1
130,bubbleygalinda,1
131,jtimberlake,1
132,nervomusic,1
133,fitnessandfeta,1
134,KingQuijano,1
135,LaVidaMassage,1
136,czarcasmnyc,1
137,GolTV,1
138,chicadlicious,1
139,EmilyKTVZ,1
140,BetweenWorlds25,1
141,lucky_uddin1,1
142,sammywilk,1
143,RussellWGordon,1
144,WhoTFisjohnny,1
145,Amandazz101,1
146,austinswift7,1
147,goodreads,1
148,offkey_kc,1
149,ThirtyOne,1
150,JulienKang,1
151,zachteck,1
152,saymorris,1
153,krispykreme,1
154,HopeMilbry,1
155,recoveryspirit,1
156,KimLeyva,1
157,YucciMane,1
158,xSmootx,1
159,zactavious,1
160,Tafa64,1
161,GarcelleB,1
162,dynamicbis,1
163,keepersecurity,1
164,YosemiteNPS,1
165,LakeTahoeCA,1
166,k2therend2,1
167,SamuelMahoney2,1
168,Reek23,1
169,bbcdoctorwho,1
170,trilllightskin_,1
171,RanDosen,1
172,thewanted,1
173,SkylarAstin,1
174,EMPRESSRAW,1
175,beedelma,1
176,DESTINYDIXON,1
177,MyNamesChai,1
178,VicarKelly,1
179,XboxFitness,1
180,ServiceRecipe,1
181,PlanetFitness,1
182,TheRecipeClub,1
183,SoLovedByGod1,1
184,ETizghost,1
185,seacoastonline,1
186,ToddPM,1
187,JenSelter,1
188,jillibean052,1
189,Britters_Smith,1
190,D_Lask1515,1
191,Snapchat,1
192,Mega64,1
193,byandmarge,1
194,WhiteBeltBJJ,1
195,marilynjspeaks,1
196,MangoSalute,1
197,mrjerryxxx,1
198,Hozier,1
199,jamiecullum,1
200,MetsFanatic86,1
201,Miss_Shortitude,1
202,VansWarpedTour,1
203,5sosinConcord,1
204,owitY,1
205,BelcampoMeat,1
206,Snibla64,1
207,Crowned1D,1
208,Charisse_Gibson,1
209,astros,1
210,SNHU,1
211,savannahshipman,1
212,HazelL0ver,1
213,Hanar_Marouf,1
214,SnupeExtraPro,1
215,robinthede,1
216,marcopoulos09,1
217,j0hn_le,1
218,NaiElizaHarvey,1
219,khrismonegenege,1
220,twitter,1
221,twittermedia,1
222,leslieerin1,1
223,lifeasitcomes12,1
224,kasondra_spears,1
225,TimAPrice,1
226,I_DGAF_,1
227,PDXJapaneseGdn,1
228,VanOFFZanz,1
229,LuReason,1
230,Paulina_S_,1
231,_Sieerrraaaa,1
232,FemaleBloggerRT,1
233,nezzness,1
234,BeastnamedTiger,1
235,1967BoldWriter,1
236,sambirmingham2,1
237,K8JCV,1
238,FueledByRamen,1
239,tanishalong,1
240,debgalant,1
241,tyarnold18,1
242,fitbit,1
243,fbccanton,1
244,FitterAndFaster,1
245,Steviegeebee,1
246,GlennaOn10,1
247,CblocHD,1
248,JayMaxfield,1
249,gma_dunlap,1
250,Dayatmovies,1
251,notaaronallison,1
252,SoundHound,1
253,JksTinkylicious,1
254,worstdpever,1
255,KrystelleMeth,1
256,ItsCharles,1
257,DrBenFung,1
258,RickyPDillon,1
259,DaveRamsey,1
260,themoms,1
261,Wendys,1
262,WickedGrounds,1
263,yungwindex,1
264,JordanGee15,1
265,ConnieHambley,1
266,Mark_Singerman,1
267,Sandyps56,1
268,JrzyEcuaGrrl,1
269,moscaddie,1
270,Kourtney_Shotz,1
271,fXOrever,1
272,cmbrookins,1
273,destanievires93,1
274,FreshKutzJIGG,1
275,AlexxxxNicole23,1
276,ImAlwaysDwight,1
277,ConnorFranta,1
278,dma0064,1
279,SweetCodeine,1
280,steph_whiteman,1
281,itsDoreen_,1
282,isaacBIOvega,1
283,owlcity,1
284,KFIRE92,1
285,werunwild,1
286,isuperAltamash,1
287,IntThings,1
288,98Rock,1
289,Nancy_Evaaan,1
290,KaitlinObscura,1
291,YTCreators,1
292,vmfa,1
293,misssLavigne,1
294,ASwiftieLovatic,1
295,tyler_e3,1
296,skyewrita,1
297,RadioNOW1009,1
298,PantherShane,1
299,downhomethought,1
300,MondayBlogs,1
301,JustDuncIt,1
302,TIME,1
303,CaryCitizen,1
304,pinkiepi301,1
305,ImpossibleUSA,1
306,BaseballLife126,1
307,iGrowBeard,1
308,VinVasan,1
309,CorePowerYoga,1
310,ayeee_lilk,1
311,MUSES,1
312,Dominic_Howard,1
313,GisforGift,1
314,shoutabyss,1
315,cebsilver,1
316,HISTORY,1
317,bradmeltzer,1
318,Rachelx2x,1
319,TaylorYMeadows,1
320,NCIS_CBS,1
321,FrankieJGrande,1
322,YPFANS_USA,1
323,ABeeeeez,1
324,Roy_elRey,1
325,mattmarton,1
326,LaughsTVShow,1
327,conner_omalley,1
328,TheBrianMo,1
329,JillianMichaels,1
330,MeekMill,1
331,rickyrozay,1
332,YoungJeezy,1
333,kanyewest,1
334,VQR,1
335,tip_SLOWW,1
336,rachaellehr,1
337,kellystilwell,1
338,WhitmanRachel,1
339,AmyVernon,1
340,BrendaPerrott,1
341,edm,1
342,BertShowBert,1
343,GirlsGuideParis,1
344,SandyHiltonPT,1
345,PelliGolf,1
346,SeeMorePutters,1
347,hudsonette,1
348,RunChattanooga,1
349,lancearmstrong,1
350,ExploreGeorgia,1
351,CoreyBmorFit,1
352,MandyMitch,1
353,EileenABC7,1
354,cuevabar,1
355,tom9d,1
356,bk_urway,1
357,StopHaydenIsBad,1
358,SSKIRTSS,1
359,bizdistricts,1
360,swankymorm,1
361,nxne3,1
362,JessicaDebss,1
363,LifeLimits,1
364,CastelliReports,1
365,PHDSamford,1
366,aubrielynnmusic,1
367,DocWestMusic,1
368,dennohmless,1
369,t_mosh_baby,1
370,suzana33074,1
371,Nati2de,1
372,LAShambhala,1
373,LifeCheating,1
374,camilleguaty,1
375,NewAgeRampage,1
376,chelseahandler,1
377,stephencredible,1
378,LesLeMonAuthor,1
379,pattmlatimes,1
380,twhiddleston,1
381,ArturKavaliov,1
382,koheisasian,1
383,mesfe,1
384,mesfer17,1
385,HiVoltDisciple,1
386,sgro97,1
387,leemosencasa,1
388,jenbkings,1
389,jonbellion,1
390,77ninobrown,1
391,funnyordie,1
392,MegaBloks,1
393,TeenuhDiane,1
394,TheAndrewSchwab,1
395,TheTinSoldiers,1
396,yarndevu,1
397,FountainWriter,1
398,Hampton,1
399,EdWytkind,1
400,realbrianhardin,1
401,VictoriasSecret,1
402,missyoliv,1
403,philsabadass,1
404,JimmyGoebel,1
405,Steph_Stine,1
406,TheFlatHat,1
407,tracedeaton,1
408,TheFoursBar,1
409,CarrinoAnthony,1
410,DunkinDonuts,1
411,UpgradedApe,1
412,NetworkISA,1
413,screencrafting,1
414,LuckyJadeJules,1
415,holisox,1
416,fryeme,1
417,joelgascoigne,1
418,TIMEBusiness,1
419,WeightWatchers,1
420,aaron_bearden3,1
421,NonScaryMelB,1
422,TruthChirper,1
423,runDisney,1
424,AnnaKendrick47,1
425,jeski66,1
426,StopSmokingCIOS,1
427,durtysmallz,1
428,Thehomiepineapl,1
429,PeterRollins,1
430,Alex_Thomas91,1
431,ThatsGoldChinaa,1
432,techlationships,1
433,jenmorrisonlive,1
434,tjlavin,1
435,jay_bird25,1
436,sim23simma,1
437,madamradams,1
438,LeiannElliott,1
439,DylanMetzinger,1
440,ClaudeAnnOh,1
441,grahamelliot,1
442,GordonRamsay,1
443,Jbastianich,1
444,LoganJrChef,1
445,clarkgregg,1
446,MingNa,1
447,iambjbritt,1
448,ChloeBennet4,1
449,BDMYC,1
450,newyearsredolution,1
451,roastedbeanz,1
452,D_hemp18,1
453,TheCarlMyers,1
454,donovankh21,1
455,wiltejkiel,1
456,wolvereness,1
457,Columbie1,1
458,DavidaMarion,1
459,lizuselton,1
460,ChipotleTweets,1
461,LZZYHALE,1
462,samirella8,1
463,GGFables,1
464,c25kfree,1
465,munkty,1
466,997now,1
467,GODIVA,1
468,jeffbernat,1
469,LivefoHim,1
470,hi_dar,1
471,kismetue,1
472,OpticWhite,1
473,williamjardell,1
474,ReidRiseling,1
475,AwardsCircuit,1
476,OhMyGOFF,1
477,sally07,1
478,nicoleCBS5,1
479,LAKingsIceCrew,1
480,jjanise90,1
481,chaddybwoy,1
482,Alpha_Athletics,1
483,Seasons_Market,1
484,RIIL_sports,1
485,StarTrek,1
486,TruFresh_2timez,1
487,Suns,1
488,RebelWilson,1
489,jcbmar1,1
490,dbbyrkit,1
491,AlexTursh,1
492,darkema,1
493,damico2414,1
494,hip_spanic,1
495,FOX29philly,1
496,BrianPHickey,1
497,BillyRayKDKA,1
498,Buehlmeister,1
499,edgyjunecleaver,1
500,stonebryson,1
501,Madonna,1
502,britneyspears,1
503,BreakingBad_AMC,1
504,basspro24chevy,1
505,roccodispirito,1
506,StephBMore,1
507,AprilMonterrosa,1
508,krovere5,1
509,pandora_radio,1
510,HumanIntonation,1
511,Ky1eLong,1
512,GSVCommunities,1
513,CUCB,1
514,duffy66,1
515,AMERICANbeerMAN,1
516,humansandnature,1
517,novlrtweets,1
518,lynneholness,1
519,cavinla,1
520,SardinePundit,1
521,SufiNinja,1
522,MattNewsHerald,1
523,joelmgarland,1
524,dylanjoseph,1
525,instapundit,1
526,brianhund,1
527,Seamless,1
528,imgur,1
529,tylerfarr,1
530,leebrice,1
531,FrankieBallard,1
532,easyeMerge,1
533,baconsportsbeer,1
534,oralhistreview,1
535,azfamily,1
536,kiralies,1
537,USSportsmen,1
538,Chief_Squantto,1
539,theaceleste,1
540,TangaRae12,1
541,tnoconnor,1
542,SarahRamler,1
543,ChelsaeWagner,1
544,CassanoAnthony,1
545,Uverse,1
546,khloekardashian,1
547,Mearlonfox13,1
548,nashvillescoop,1
549,LikleBludKlart,1
550,IamEnidColeslaw,1
551,Wallshark84,1
552,velsburylegg,1
553,hpapolo,1
554,AndrewBasstard,1
555,duolingo,1
556,superb_pat,1
557,AP_West,1
558,rach5060,1
559,GoldDustCowgirl,1
560,CallMeVanish,1
561,krneely,1
562,JAMoore224,1
563,heymadihayes,1
564,DavidAndSharp,1
565,OnlyInBOS,1
566,_Kristiannaxo,1
567,Thaila_xo,1
568,_jrichardd,1
569,TheRealGT4,1
570,PilsburyJoeBoy,1
571,WillowLove1,1
572,JustifiedFX,1
573,nataliezea,1
574,TVMcGee,1
575,kscmaghirang,1
576,tompycan,1
577,AdventureDub,1
578,MarkPavelich,1
579,calmedoctorhuey,1
580,KennedyNation,1
581,MrMarkFairhurst,1
582,TSAgov,1
583,Indians,1
584,neilwatkins05,1
585,elledodd,1
586,Cubs,1
587,RuStretch,1
588,Tquadah,1
589,kymeshawhite,1
590,Inc,1
591,MarlaTabaka,1
592,colonsuzan,1
593,takeayogabreak,1
594,blogbooktours,1
595,theiflist,1
596,_Dear_Leader_,1
597,Becca3129,1
598,ZJ10,1
599,Siothehunter32,1
600,jaymichaels13,1
601,Leighannadam,1
602,Michael5SOS,1
603,Calum5SOS,1
604,itsmarshallw,1
605,IWYarnFest,1
606,AlmostShawn,1
607,imcorinnemec,1
608,LumeneUS,1
609,JessiTomlinson,1
610,itsashleymorgan,1
611,tvtag,1
612,Dolphinsglow,1
613,InvincibleDuece,1
614,BigBang_CBS,1
615,CuocoSweeting,1
616,FCgoodnews,1
617,ChickfilA,1
618,sjonez204,1
619,LanaDelRey,1
620,SandalsResorts,1
621,itsmehonayy,1
622,dinalohan,1
623,lindsaylohan,1
624,Bentleyreal,1
625,Swoleuniversity,1
626,coreyxstone,1
627,koopiepoopie,1
628,AaronMcIntosh_0,1
629,ThePinkPistolOK,1
630,dfwairport,1
631,ReelVixen,1
632,PlymouthState,1
633,ksmith_007,1
634,mcuban,1
635,emilylhauser,1
636,ETrickett815,1
637,NewsChannel8,1
638,MikeConneen,1
639,serenashortcake,1
640,radiohead,1
641,thomyorke,1
642,JazEalexander,1
643,WDBJ7,1
644,The_Deeter,1
645,AlanSanchez,1
646,DonovanTroi,1
647,APadeken,1
648,phoebesmusic,1
649,jamesmaslow,1
650,sarahkpeck,1
651,princesss_bb,1
652,terra_nicole,1
653,getoneword,1
654,HaylaKartman,1
655,therealjuicyj,1
656,MyRecipeMagic,1
657,marklevinshow,1
658,meghugs,1
659,rockii96,1
660,MaryPapas2,1
661,vacuumkiller,1
662,OCFlowPromo,1
663,TYB_Jarvey,1
664,JNotha,1
665,Niki_J_Blige,1
666,cgutierrezz101,1
667,AZRogerNaylor,1
668,hannahvns,1
669,OriginalCindy_,1
670,jbones77,1
671,_Argento,1
672,LesMills,1
673,GetLesMills,1
674,ReillyAround,1
675,Not_Typical,1
676,JesusOfNaz316,1
677,meaganjacobsonn,1
678,ShaneNash94,1
679,LauraECPaul,1
680,PeterMorlow,1
681,boowup,1
682,tkamking,1
683,tylerleejones4,1
684,worsteditorever,1
685,Realadamkaufman,1
686,HumpdayHairNet,1
687,THEYOUNGKB,1
688,Don_Marcell,1
689,TheFive,1
690,ScottRude120,1
691,120Sports,1
692,HershelGreene1,1
693,IamStevenT,1
694,zorm,1
695,AaronJNS,1
696,MLB,1
697,OnlyOneSilletti,1
698,DWall_21,1
699,billnofi,1
700,Padres,1
701,KalynHarris1,1
702,NiGGiEMiNAJ,1
703,CVS_Extra,1
704,CoilaHodges,1
705,owenpallett,1
706,Haaileeyy7,1
707,BobsBurgersFOX,1
708,ehhhhmily,1
709,AaronHerman2,1
710,RealSimple,1
711,tor_casale,1
712,Katrin_Albert,1
713,_BritneeGunz,1
714,_TalyahAlesia,1
715,FoxNews,1
716,CoryVogelsberg,1
717,DerekHigdon1,1
718,rachel_koshy,1
719,JATOAviation,1
720,jcoleman328,1
721,ray_ban,1
722,channingtatum,1
723,lzoatkinson,1
724,hypeORL,1
725,wannabebeckham,1
726,orlandosentinel,1
727,theycallmejanay,1
728,ThorsSecret,1
729,onedirection,1
730,AngeloLPerez,1
731,rochae_04,1
732,tperez_3434,1
733,lightmalum,1
734,TomAdelsbach,1
735,SerinsSphere,1
736,cavs,1
737,chrisbrockman,1
738,delta_dc,1
739,TheCatchFence,1
740,AC360,1
741,iReekofSuccess,1
742,juliwithoutane,1
743,arman_dela,1
744,UptownAmbition,1
745,aalomelii,1
746,amaditalks,1
747,sydney_1515,1
748,elisalamia,1
749,AnookDotCom,1
750,MansonBriana,1
751,leevonperry69,1
752,gilmar_barrios,1
753,MaryJsDiary,1
754,TommyMilagro,1
755,coreywoodstempe,1
756,AnthonyHotels,1
757,kellysue,1
758,BRIANMBENDIS,1
759,samhumphries,1
760,mattfraction,1
761,MarkPacker,1
762,Jaclynhill,1
763,alan_lonewolf,1
764,bad_robot,1
765,osnapitzlyndsey,1
766,Johnnyboyyy904,1
767,AmandaDymek,1
768,mymomsagingr,1
769,Cinemax,1
770,ivanamilicevic,1
771,Cara__Miller,1
772,PostLandfill,1
773,PastorCLW,1
774,chels_corder,1
775,ChapStick,1
776,SumanRavuri,1
777,kingLorenzo911,1
778,GulfstreamPark,1
779,BryceMan80,1
780,RealGrumpyCat,1
781,DHenry52,1
782,Jessiceratsix,1
783,alexxssiss,1
784,ChaldeanCutie,1
785,TheUncurvable,1
786,KingAshari,1
787,Trenton_jones,1
788,The_Real_Kolby_,1
789,Lfm_xo,1
790,BTebo5,1
791,up,1
792,Adorn_Ambreezzy,1
793,gnix20,1
794,bronix86,1
795,LyndsNix,1
796,NZMoney88,1
797,winnie4ed,1
798,TriviumOfficial,1
799,TriviumPaolo,1
800,coreytrivium,1
801,matthewkheafy,1
802,MatMadiro,1
803,emilieeharris,1
804,ShanaBo_O,1
805,McKynnaLorraine,1
806,GabeLandeskog92,1
807,Avalanche,1
808,AmazonGoneBad,1
809,peta,1
810,peta2,1
811,MercyForAnimals,1
812,TryVeg,1
813,dsmy,1
814,garrett_h94,1
815,Skyys_The_Way,1
816,HayesGrier,1
817,aletamale_,1
818,ShiksaYisrael,1
819,WellsFargo,1
820,JeanChatzky,1
821,DvG_Profit,1
822,AyJayJay3,1
823,kalanisim55,1
824,Selenaa_suzette,1
825,jennylee2003,1
826,BPootah,1
827,Charmeleon_RR,1
828,OnionAdCzar,1
829,Bacardi,1
830,agalcw,1
831,nimmy_turner,1
832,yoursweetrani,1
833,Louis_Tomlinson,1
834,Real_Liam_Payne,1
835,zaynmalik,1
836,ZozeeBo,1
837,HNFrayre,1
838,charlalalenee,1
839,hiemmabaron,1
840,nickdougherty_,1
841,AveryHoover,1
842,isaacsmarie1983,1
843,TanteWillemijn,1
844,ConcertWeirdos,1
845,jasonfpereira,1
846,RonFriedman,1
847,FastCompany,1
848,espn,1
849,RebeccaTurnerRD,1
850,protagonist52,1
851,richardbranson,1
852,Austinflyskites,1
853,bRitBluhm,1
854,JHor247,1
855,mplatco,1
856,4twentyluck,1
857,Warchyld_ENT,1
858,s3lentz,1
859,thisoneisnot,1
860,johnny_cobra,1
861,LLMStallings,1
862,StallingsTX,1
863,JoJoMedhurst,1
864,jimjefferies,1
865,TiburonNaples,1
866,piedmontpark,1
867,TTC_Thoughts,1
868,petersarsgaard,1
869,Prettypixiecat,1
870,NoNameInIndy,1
871,GraceNoel27,1
872,DibartAPA2011,1
873,amahnke,1
874,Chandlerjr1984,1
875,dewey800s,1
876,KPCCofframp,1
877,Hall_Bruce,1
878,Reile_Talk,1
879,Yankees,1
880,MikeSadorf,1
881,LynessaJames,1
882,PSpowerup,1
883,SethDaigle1,1
884,SydneyKinman,1
885,ItsMidnightRed,1
886,ericsecharia,1
887,ColtonRudloff,1
888,anthonyladao,1
889,thomasaugusto,1
890,JoeyDiggsJr,1
891,carlyfornia18,1
892,Niny_Li,1
893,KateNasser,1
894,blf2014,1
895,call_me_TsC,1
896,sixfootfiveguy,1
897,SavvyElise__,1
898,Tamar_kali,1
899,anthelonious,1
900,lexxmoe,1
901,DemiNewell,1
902,CrumlinFuels,1
903,RachGraph,1
904,Brindleboxers,1
905,mccoyderek,1
906,urban_teacher,1
907,sarahdateechur,1
908,iamDrWill,1
909,LukeFurmanOU,1
910,Kroger,1
911,SimpleTruth4U,1
912,JefCaine,1
913,rickyfields,1
914,jgomez1446,1
915,Meowshawn_Lynch,1
916,cbetham,1
917,merylnyc,1
918,Leslieks,1
919,TheWallStBull,1
920,RayneHall,1
921,mayfairromance,1
922,ThunderBahl,1
923,goodhealth,1
924,Kdodo1741,1
925,dominos,1
926,stephanbugaj,1
927,charcoalalley,1
928,DailyAudioBible,1
929,Jawdann_,1
930,pleasetouch,1
931,ndh2014,1
932,DonateLifeToday,1
933,BradleyEichar,1
934,BossRockets,1
935,HeroMysterion,1
936,ClydeDonovan410,1
937,TFAW,1
938,cullenbunn,1
939,niK_IT,1
940,LeeannWright4,1
941,GRRM,1
942,HacksIsTeenEyed,1
943,jennakimjones,1
944,AFVofficial,1
945,ckogreenville,1
946,SistaaaaaaSoul,1
947,I_Cant_Fish,1
948,BluegrassBelle_,1
949,HGTV,1
950,sammymewy,1
951,sfphotogirl,1
952,FranieFrouFrou,1
953,__Mufasa32,1
954,IDGOSF,1
955,Marym19,1
956,scotty_cat,1
957,cindycantdance,1
958,StephHollomon,1
959,emjstumpy,1
960,GingaNinjaa8,1
961,Daisy_Fayy,1
962,emanicholejack,1
963,TheRealSteveMin,1
964,AlexandriaS_x0x,1
965,Danidarlinn,1
966,Paul_Dolce,1
967,T_savagge,1
968,CoreyTFerguson,1
969,levi_ordway,1
970,Zedd,1
971,Smiley_Virusss,1
972,LGerhardt10,1
973,kats_channel,1
974,Austin_HOiT,1
975,Mr_TQuinones,1
976,c_bright52,1
977,ladymacdeath32,1
978,twaimz,1
979,Stitchdolll,1
980,shelbieyoung,1
981,ImGeraldBurns,1
982,LilblakePretty,1
983,VerniMerni,1
984,briannanoel24,1
985,evmendozaa,1
986,_alysonbanks,1
987,TrendyProblems,1
988,RitchieSanchezz,1
989,LenGoesIn,1
990,savannahkraus,1
991,marahuber3,1
992,melissashoop_,1
993,stephaniedeus14,1
994,J_Nafash,1
995,PhillipsDerrik,1
996,CelebrityChez,1
997,danny0bri3n,1
998,NAIABaseballPro,1
999,AngelJOlvera,1
1000,ItsGavin_bruhh,1
1001,envydatropic,1
1002,ZekeTurner3,1
1003,KyleElrodd,1
1004,daniellaa77,1
1005,matthewd_,1
1006,muhbahnigg,1
1007,AdriannaKnauer,1
1008,GNCordova,1
1009,MEANGIRL_Dara,1
1010,dirtyhipsjacob,1
1011,CHP_GoldenGate,1
1012,FreakingTrue,1
1013,mattpodwysocki,1
1014,golang,1
1015,alexisg928,1
1016,SidneyRossee,1
1017,Jada5Starz,1
1018,nflnetwork,1
1019,AMightyWolf,1
1020,ItzYaBoyKevin,1
1021,brittannyyy17,1
1022,vwalk24,1
1023,TannerTorbenson,1
1024,andrew_d_22,1
1025,HulkHogan,1
1026,SilverSporkNews,1
1027,OMGchronicles,1
1028,stevie_hergert,1
1029,KClarke022,1
1030,jessicamey14,1
1031,_julllliet,1
1032,Jenniferg12_,1
1033,katelynnnricee,1
1034,YungCheun,1
1035,taylorrching,1
1036,littleschultz37,1
1037,LaurennTaylorr,1
1038,nicholeonnen,1
1039,angilovesdodgrs,1
1040,zoe_vanesssa,1
1041,EAMaddenNFL,1
1042,CUDenver,1
1043,Rissake,1
1044,JbGhumanJr,1
1045,BlondeWIBowhntr,1
1046,Case_Wallin,1
1047,NurseKimaaa,1
1048,Imanqm,1
1049,natashawatley29,1
1050,mvnandez,1
1051,Divergent,1
1052,JBombdroppa12,1
1053,jeffreymarshnow,1
1054,beautyscene_,1
1055,CSmoker705,1
1056,Shindelbower13,1
1057,Shar_Shebeck,1
1058,bonekovic02,1
1059,brkmrn,1
1060,morganotis,1
1061,DCComics,1
1062,GailSimone,1
1063,pinningnut,1
1064,chasedillas,1
1065,Andreeeeee_3000,1
1066,kate_gurcik,1
1067,SoosIsLoose,1
1068,andresgda,1
1069,Bakxr_,1
1070,NickJChaney,1
1071,RichOnOWN,1
1072,SuperSoulSunday,1
1073,Oprah,1
1074,OWNTV,1
1075,elisamlo,1
1076,VinylMePlease,1
1077,GraysonDaley,1
1078,corinne_woods,1
1079,NicolasGarraud2,1
1080,tornawalynnski,1
1081,erb_hannah,1
1082,Vikkstar123,1
1083,PeeplesCarly,1
1084,JohnnyGulick,1
1085,a_desiree09,1
1086,cranecase,1
1087,MichaelMonroy3,1
1088,NancysPizza,1
1089,JulieCrimaldi,1
1090,MontannaKnight,1
1091,palestyria,1
1092,juliancamarena,1
1093,sassycassie92,1
1094,_kidnameren,1
1095,bendubie,1
1096,TheChristyLopez,1
1097,ochem_g,1
1098,TristamOfficial,1
1099,feeserface,1
1100,bertieisme,1
1101,AJGallicchio,1
1102,ouijameme,1
1103,teennickoficial,1
1104,WeeklyChris,1
1105,AbbieJudson,1
1106,Hass_Dinerroo,1
1107,13_roach,1
1108,TweetLikeAGirI,1
1109,asad_ladhani,1
1110,ryanjchang,1
1111,yadig99,1
1112,CallMeMichelle,1
1113,Juicy_Des,1
1114,timraycraft57,1
1115,aliyasassyass,1
1116,Newschoolers,1
1117,Jamonteverdi,1
1118,christiand,1
1119,BTSFblog,1
1120,BryFone,1
1121,lyssa_faiith,1
1122,nick__armenta,1
1123,_hersch,1
1124,kietyn,1
1125,megangia28,1
1126,ltsChuckBass,1
1127,Cozy_MrB,1
1128,curtislbean,1
1129,CEY_7,1
1130,wattsdantzler,1
1131,iamthejayc,1
1132,cwinkkk,1
1133,Karoline_Marie_,1
1134,RickiKillinen,1
1135,AmandaMoccaldi,1
1136,roroashee,1
1137,justinstaggs,1
1138,destinyjimison,1
1139,tha_indian,1
1140,tristinanncott1,1
1141,206GK,1
1142,Billionaire_B,1
1143,melanielynnnnn,1
1144,reaganjay,1
1145,babylexx_3,1
1146,SpikeFriedman,1
1147,lindzlindz16,1
1148,LeeKholafai,1
1149,SankawR,1
1150,FudgeMathew,1
1151,MassholeSports,1
1152,pablohernandez7,1
1153,brit_311,1
1154,StevenOnTwatter,1
1155,samvolmaar,1
1156,AssaultTriffle,1
1157,KansasUpdate,1
1158,ImGirlCode,1
1159,Zack_Rozay,1
1160,NexgenRapper,1
1161,EKM94,1
1162,AnishESPN,1
1163,ericazendano,1
1164,lauradeeks,1
1165,julieannxoxo,1
1166,mapytmn,1
1167,maddi_rowley,1
1168,emergingthoughts,1
1169,LovelyDawnx,1
1170,shnanananon,1
1171,MadsTheCreator,1
1172,jemelehill,1
1173,TommyAtwell,1
1174,PrincessKenaa,1
1175,caitlinedmund,1
1176,zcrom,1
1177,Intelligentsia,1
1178,PulpPictionary,1
1179,Kirsty_Hulse,1
1180,AapkaApnaHappy,1
1181,MikeHamad,1
1182,oliverstewarT5,1
1183,PandaWhoRaves,1
1184,beckyluuuwhooo,1
1185,Chuck_is_Handy,1
1186,abbywilson223,1
1187,Bluntsovahoess,1
1188,markberman,1
1189,_Jamillyyy,1
1190,truthfultumblr,1
1191,RMcElhenney,1
1192,gabygoldchain,1
1193,TroubleWithWrds,1
1194,Tim_HZ,1
1195,cheyennebaiza,1
1196,casablankies,1
1197,booksandwine,1
1198,xRosemary,1
1199,alexandra_adele,1
1200,DanielBrim,1
1201,elserracho,1
1202,debrink,1
1203,ZodiacFacts,1
1204,Michael_M00RE,1
1205,HannahHardesty2,1
1206,MrOwl,1
1207,devinsteuber,1
1208,kielyannese,1
1209,lexiiiemariiie,1
1210,ijustdgad_22,1
1211,sportsyelling,1
1212,HeatherBVitale,1
1213,nationalgridus,1
1214,madisonpaige06,1
1215,WynonnaMusic,1
1216,cooperhill27,1
1217,girlposts,1
1218,emuh_thaw,1
1219,NewYorkSyddie,1
1220,korycunningham,1
1221,imjrb3,1
1222,She_Halfrican,1
1223,BestHairstyIes,1
1224,omgsteponme,1
1225,KylieJenner,1
1226,Joordaank,1
1227,bobbykanode,1
1228,nick_rau,1
1229,SaccWhack,1
1230,mxfiavibes,1
1231,Summer_HillxX,1
1232,Donnie_Fairburn,1
1233,PeteyPlastic,1
1234,MayesMikayla,1
1235,ShelbySkrhak,1
1236,shayshaybug,1
1237,GuitarHero,1
1238,NickDemirjian_,1
1239,HennyNHandcuffs,1
1240,1LindaLee,1
1241,lidddddyy,1
1242,UPSers,1
1243,Nessa_255,1
1244,MichaelSmartGuy,1
1245,SimplyNamedMatt,1
1246,courtneyclogg12,1
1247,EmDegz,1
1248,SnapchatProbbz,1
1249,missymaddy15,1
1250,MAKAsandwich_,1
1251,SelvekTV,1
1252,FairlightEx,1
1253,puhdado,1
1254,Kdwolf77,1
1255,dailyburn,1
1256,BYRON_ALL_CAPS,1
1257,Powells,1
1258,DevonTalton,1
1259,JamesHankins,1
1260,cheapundies,1
1261,Gerard_Coury,1
1262,MatthewBrysYee,1
1263,AndreasWyder,1
1264,Ahmad__Allan,1
1265,stephenfry,1
1266,Imagine_angela,1
1267,Tylermason__,1
1268,LukeBryanOnline,1
1269,plbsports,1
1270,JonathanQuick32,1
1271,OSH74,1
1272,CoachKO_UConn,1
1273,geno_auriemma,1
1274,brianshall,1
1275,VenenoFierce,1
1276,DJFURE,1
1277,laurenmabra,1
1278,Thing_Finder,1
1279,Kiondo_,1
1280,evildadatron,1
1281,ElSangito,1
1282,Madison_Nikole,1
1283,prestoncampbelI,1
1284,HalSparks,1
1285,iMatthewKeller,1
1286,amandajones3434,1
1287,EmzeeMaze,1
1288,COLEMAN88_,1
1289,preston_dylan,1
1290,craigcampbelltv,1
1291,C__Ruggiero,1
1292,SarcasticRover,1
1293,tiana_lovexox,1
1294,ImJeremyEli,1
1295,ATTILAga,1
1296,FRONZ1LLA,1
1297,dulcetry,1
1298,scortscort,1
1299,CousinStizz,1
1300,hippieatheart__,1
1301,pseudo_fred,1
1302,WizKhalllifa,1
1303,MintMilana,1
1304,akphillips17,1
1305,Courtney_Bee,1
1306,rainsophie,1
1307,TheColIegeLife,1
